1,Book 1,BN 1,100,Expert article 1,10/14/2023
2,Book 2,BN 2,101,Expert article 2,10/14/2023
3,Book 3,BN 3,102,Expert article 3,10/14/2023
4,Book 4,BN 4,103,Expert article 4,10/14/2023
5,Book 5,BN 5,104,Expert article 5,10/14/2023
6,Book 6,BN 6,105,Expert article 6,10/14/2023
7,Book 7,BN 7,106,Expert article 7,10/14/2023
8,Book 8,BN 8,107,Expert article 8,10/14/2023
9,Book 9,BN 9,108,Expert article 9,10/14/2023
10,Book 10,BN 10,109,Expert article 10,10/14/2023
11,Book 11,BN 11,110,Expert article 11,10/14/2023
12,Book 12,BN 12,111,Expert article 12,10/14/2023
